{
  "Kopi": [
   {
     "foto": "images/produk/product_capuchino.jpg",
     "nama": "Cappuccino",
     "size": "250 Ml",
     "harga": "30.000",
     "link": "#"
    },
   {
     "foto": "images/produk/product_espresso.jpg",
     "nama": "Espresso",
     "size": "140 Ml",
     "harga": "28.000",
     "link": "#"
    },
   {
     "foto": "images/produk/product_kopi_susu.jpg",
     "nama": "Kopi Susu",
     "size": "250 Ml",
     "harga": "35.000",
     "link": "#"
    },
   {
     "foto": "images/produk/product_latte.jpg",
     "nama": "Coffe Latte",
     "size": "140 Ml",
     "harga": "35.000",
     "link": "#"
    }
    ],
 "Non Kopi": [
   {
     "foto": "https://encrypted-tbn0.gstatic.com/images?q=tbn:ANd9GcTPisH93LSrLhTTdDAjCKl6C_1Jtn4fBPyPgX7KqbcmDTLP8CH49F3CyeFE&s=10",
     "nama": "Teh Manis Dingin",
     "size": "200 Ml",
     "harga": "15.000",
     "link": "#"
    },
   {
     "foto": "https://waroengsteakandshake.com/img/img_menu/Lemon_Tea.png",
     "nama": "Lemon Tea",
     "size": "200 Ml",
     "harga": "18.000",
     "link": "#"
    },
   {
     "foto": "https://encrypted-tbn0.gstatic.com/images?q=tbn:ANd9GcQnEkuyrSYTZOEZEQ5bMqLDnr-gv0oegyAeLA&usqp=CAU",
     "nama": "TST",
     "size": "100 Ml",
     "harga": "17.000",
     "link": "#"
    },
   {
     "foto": "https://encrypted-tbn0.gstatic.com/images?q=tbn:ANd9GcQyuGpMytT7s6mm4QqPRi4vZnSOIXY42JZdv6TxDOjQIfvsSVEt1g-lAbk&s=10",
     "nama": "Bandrek",
     "size": "100 Ml",
     "harga": "10.000",
     "link": "#"
    }
    ],
 "Makanan": [
   {
     "foto": "https://encrypted-tbn0.gstatic.com/images?q=tbn:ANd9GcTO1mF2q6NIJj05om2pK_Jo8x1W0d5_NTkW09IjLvMKVRSoebn4qPl6YH3V&s=10",
     "nama": "Mie Aceh",
     "size": "1 Porsi",
     "harga": "25.000",
     "link": "#"
    },
   {
     "foto": "https://encrypted-tbn0.gstatic.com/images?q=tbn:ANd9GcSTzOtS_JkQVrUbAgw3MXBCN_WZ02_Xbaq31Q&usqp=CAU",
     "nama": "Nasi Goreng Spesial",
     "size": "1 Porsi",
     "harga": "27.000",
     "link": "#"
    },
   {
     "foto": "https://encrypted-tbn0.gstatic.com/images?q=tbn:ANd9GcSxX9108GlAs0XIuDVmf-y10O5Zar_JZ89x7jwTq8zeVAGFiYVUrBlJhJ5S&s=10",
     "nama": "Kentang Goreng",
     "size": "1 Porsi",
     "harga": "28.000",
     "link": "#"
    },
    {
     "foto": "https://encrypted-tbn0.gstatic.com/images?q=tbn:ANd9GcQvB4pPcYzDj2q4CQfKZbA9D_W21px3FuRnrQ&usqp=CAU",
     "nama": "Ayam Geprek",
     "size": "1 Porsi",
     "harga": "30.000",
     "link": "#"
    }
  ]
}